3730	README.md
45	requirements_minimal.txt
5700	docs\CODEX_PROJECT_CONTEXT.md
1742	docs\EXCLUDED_FILES_MANIFEST.md
0	docs\REPO_FILE_INVENTORY.tsv
3779	docs\RESTORE_AFTER_FACTORY_RESET.md
1917	docs\USER_PROJECT_OVERVIEW.md
4982	g1_hand_arm_project\arm_grasp_hold.py
7758	g1_hand_arm_project\arm_pick_place.py
1351	g1_hand_arm_project\manifest.txt
8919	g1_hand_arm_project\README.md
0	g1_hand_arm_project\archive_raw\arm_hand_synergy.py
3115	g1_hand_arm_project\archive_raw\arm_joint_probe_safe.py
2546	g1_hand_arm_project\archive_raw\arm_sdk_hold_test.py
2340	g1_hand_arm_project\archive_raw\hand_grasping.py
1598	g1_hand_arm_project\archive_raw\hand_serial_test.py
4618	g1_hand_arm_project\archive_raw\left_arm_grasp_hold.py
7394	g1_hand_arm_project\archive_raw\left_arm_pregrasp_small_test.py
4820	g1_hand_arm_project\archive_raw\left_arm_pregrasp_small_test.py.bak_before_hand
7394	g1_hand_arm_project\archive_raw\left_arm_pregrasp_small_test.py.bak_four_finger_20260516_205812
6698	g1_hand_arm_project\archive_raw\left_arm_pregrasp_small_test.py.bak_grasp_in_out
6479	g1_hand_arm_project\archive_raw\left_arm_pregrasp_small_test.py.bak_outward_clearance
5288	g1_hand_arm_project\archive_raw\left_arm_pregrasp_small_test.py.bak_pick_place
6698	g1_hand_arm_project\archive_raw\left_arm_pregrasp_small_test.py.bak_raise_pregrasp_5cm
7458	g1_hand_arm_project\archive_raw\left_arm_pregrasp_small_test.py.bak_remove_contact_20260516_210755
7394	g1_hand_arm_project\archive_raw\left_arm_pregrasp_small_test.py.bak_remove_contact_20260516_210820
6247	g1_hand_arm_project\archive_raw\left_arm_pregrasp_small_test.py.bak_retract_out
6479	g1_hand_arm_project\archive_raw\left_arm_pregrasp_small_test.py.bak_speedup
7330	g1_hand_arm_project\archive_raw\left_arm_pregrasp_small_test.py.bak_thumb_open_first
7269	g1_hand_arm_project\archive_raw\left_arm_pregrasp_small_test.py.bak_thumb_ready
7269	g1_hand_arm_project\archive_raw\left_arm_pregrasp_small_test.py.bak_wrist_roll_pregrasp
2070	g1_hand_arm_project\archive_raw\left_hand_grasp_pose_test.py
2529	g1_hand_arm_project\archive_raw\left_wrist_roll_test.py
3479	g1_hand_arm_project\archive_raw\right_arm_small_test.py
618	g1_hand_arm_project\logs\python_20260528_002828_694.log
618	g1_hand_arm_project\logs\python_20260528_002844_870.log
618	g1_hand_arm_project\logs\python_20260528_002858_043.log
618	g1_hand_arm_project\logs\python_20260528_003106_348.log
618	g1_hand_arm_project\logs\python_20260528_003122_522.log
618	g1_hand_arm_project\logs\python_20260528_003135_727.log
618	g1_hand_arm_project\logs\python_20260528_003258_007.log
618	g1_hand_arm_project\logs\python_20260528_003314_181.log
618	g1_hand_arm_project\logs\python_20260528_003327_377.log
3479	g1_hand_arm_project\tools\arm_joint_probe.py
9617	g1_hand_arm_project\tools\arm_pregrasp_preview.py
2910	g1_hand_arm_project\tools\arm_sdk_hold_test.py
2893	g1_hand_arm_project\tools\left_wrist_roll_test.py
1564	g1_hand_arm_project\tools\test_arm_pregrasp_preview.py
9147	g1_hand_arm_project\vision\auto_grasp_decision.py
7848	g1_hand_arm_project\vision\compare_bottle_to_target.py
11284	g1_hand_arm_project\vision\detect_bottle_2d.py
18195	g1_hand_arm_project\vision\detect_bottle_depth.py
8446	g1_hand_arm_project\vision\evaluate_grasp_window.py
4255	g1_hand_arm_project\vision\grasp_window_report.json
426	g1_hand_arm_project\vision\latest_bottle_3d.json
1781	g1_hand_arm_project\vision\latest_grasp_decision.json
1018	g1_hand_arm_project\vision\latest_target_offset.json
5893	g1_hand_arm_project\vision\record_bottle_positions.py
838	g1_hand_arm_project\vision\target_grasp_reference.json
16839	g1_hand_arm_project\vision\test_detect_bottle_2d.py
101481	g1_hand_arm_project\vision\debug\bottle_debug_20260527_214023_000000.jpg
101575	g1_hand_arm_project\vision\debug\bottle_debug_20260527_214024_000001.jpg
101677	g1_hand_arm_project\vision\debug\bottle_debug_20260527_214024_000002.jpg
89208	g1_hand_arm_project\vision\debug\bottle_debug_20260527_214025_000003.jpg
89113	g1_hand_arm_project\vision\debug\bottle_debug_20260527_214025_000004.jpg
51640	g1_hand_arm_project\vision\debug\bottle_debug_20260527_214039_000000.jpg
40985	g1_hand_arm_project\vision\debug\bottle_debug_20260527_214039_000001.jpg
38118	g1_hand_arm_project\vision\debug\bottle_debug_20260527_214039_000002.jpg
38077	g1_hand_arm_project\vision\debug\bottle_debug_20260527_214040_000003.jpg
41352	g1_hand_arm_project\vision\debug\bottle_debug_20260527_214040_000004.jpg
109252	g1_hand_arm_project\vision\debug\bottle_debug_20260527_214728_000000.jpg
97585	g1_hand_arm_project\vision\debug\bottle_debug_20260527_214736_000020.jpg
97610	g1_hand_arm_project\vision\debug\bottle_debug_20260527_214744_000040.jpg
109441	g1_hand_arm_project\vision\debug\bottle_debug_20260527_214855_000000.jpg
97363	g1_hand_arm_project\vision\debug\bottle_debug_20260527_214908_000030.jpg
97655	g1_hand_arm_project\vision\debug\bottle_debug_20260527_214920_000060.jpg
97413	g1_hand_arm_project\vision\debug\bottle_debug_20260527_214932_000090.jpg
97368	g1_hand_arm_project\vision\debug\bottle_debug_20260527_214945_000120.jpg
97312	g1_hand_arm_project\vision\debug\bottle_debug_20260527_214957_000150.jpg
63949	g1_hand_arm_project\vision\debug\bottle_debug_20260527_215242_000000.jpg
79277	g1_hand_arm_project\vision\debug\bottle_debug_20260527_215254_000030.jpg
79316	g1_hand_arm_project\vision\debug\bottle_debug_20260527_215319_000090.jpg
79285	g1_hand_arm_project\vision\debug\bottle_debug_20260527_215332_000120.jpg
79244	g1_hand_arm_project\vision\debug\bottle_debug_20260527_215345_000150.jpg
79156	g1_hand_arm_project\vision\debug\bottle_debug_20260527_215358_000180.jpg
79818	g1_hand_arm_project\vision\debug\bottle_debug_20260527_215411_000210.jpg
79623	g1_hand_arm_project\vision\debug\bottle_debug_20260527_215424_000240.jpg
86003	g1_hand_arm_project\vision\debug\bottle_debug_20260527_215437_000270.jpg
80028	g1_hand_arm_project\vision\debug\bottle_debug_20260527_215449_000300.jpg
80196	g1_hand_arm_project\vision\debug\bottle_debug_20260527_215502_000330.jpg
63634	g1_hand_arm_project\vision\debug\bottle_debug_20260527_215511_000000.jpg
79296	g1_hand_arm_project\vision\debug\bottle_debug_20260527_215524_000030.jpg
80223	g1_hand_arm_project\vision\debug\bottle_debug_20260527_215537_000060.jpg
79376	g1_hand_arm_project\vision\debug\bottle_debug_20260527_215550_000090.jpg
79595	g1_hand_arm_project\vision\debug\bottle_debug_20260527_215604_000120.jpg
79544	g1_hand_arm_project\vision\debug\bottle_debug_20260527_215617_000150.jpg
79491	g1_hand_arm_project\vision\debug\bottle_debug_20260527_215630_000180.jpg
79195	g1_hand_arm_project\vision\debug\bottle_debug_20260527_215643_000210.jpg
79910	g1_hand_arm_project\vision\debug\bottle_debug_20260527_215656_000240.jpg
79922	g1_hand_arm_project\vision\debug\bottle_debug_20260527_215709_000270.jpg
79852	g1_hand_arm_project\vision\debug\bottle_debug_20260527_215722_000300.jpg
79915	g1_hand_arm_project\vision\debug\bottle_debug_20260527_215735_000330.jpg
80103	g1_hand_arm_project\vision\debug\bottle_debug_20260527_215748_000360.jpg
79416	g1_hand_arm_project\vision\debug\bottle_debug_20260527_215801_000390.jpg
80498	g1_hand_arm_project\vision\debug\bottle_debug_20260527_215814_000420.jpg
80015	g1_hand_arm_project\vision\debug\bottle_debug_20260527_215827_000450.jpg
79691	g1_hand_arm_project\vision\debug\bottle_debug_20260527_215840_000480.jpg
79780	g1_hand_arm_project\vision\debug\bottle_debug_20260527_215853_000510.jpg
79931	g1_hand_arm_project\vision\debug\bottle_debug_20260527_215906_000540.jpg
79841	g1_hand_arm_project\vision\debug\bottle_debug_20260527_215920_000570.jpg
74986	g1_hand_arm_project\vision\debug\bottle_depth_debug_20260527_221531_000000.jpg
83297	g1_hand_arm_project\vision\debug\bottle_depth_debug_20260527_221536_000010.jpg
74969	g1_hand_arm_project\vision\debug\bottle_depth_debug_20260527_221604_000000.jpg
91348	g1_hand_arm_project\vision\debug\bottle_depth_debug_20260527_221617_000030.jpg
89234	g1_hand_arm_project\vision\debug\bottle_depth_debug_20260527_221631_000060.jpg
89362	g1_hand_arm_project\vision\debug\bottle_depth_debug_20260527_221644_000090.jpg
89490	g1_hand_arm_project\vision\debug\bottle_depth_debug_20260527_221657_000120.jpg
89232	g1_hand_arm_project\vision\debug\bottle_depth_debug_20260527_221710_000150.jpg
89540	g1_hand_arm_project\vision\debug\bottle_depth_debug_20260527_221724_000180.jpg
89237	g1_hand_arm_project\vision\debug\bottle_depth_debug_20260527_221737_000210.jpg
89231	g1_hand_arm_project\vision\debug\bottle_depth_debug_20260527_221750_000240.jpg
88889	g1_hand_arm_project\vision\debug\bottle_depth_debug_20260527_221804_000270.jpg
89148	g1_hand_arm_project\vision\debug\bottle_depth_debug_20260527_221817_000300.jpg
89075	g1_hand_arm_project\vision\debug\bottle_depth_debug_20260527_221831_000330.jpg
89384	g1_hand_arm_project\vision\debug\bottle_depth_debug_20260527_221844_000360.jpg
89472	g1_hand_arm_project\vision\debug\bottle_depth_debug_20260527_221857_000390.jpg
89351	g1_hand_arm_project\vision\debug\bottle_depth_debug_20260527_221911_000420.jpg
86512	g1_hand_arm_project\vision\debug\bottle_depth_debug_20260527_221924_000450.jpg
85279	g1_hand_arm_project\vision\debug\bottle_depth_debug_20260527_221938_000480.jpg
85292	g1_hand_arm_project\vision\debug\bottle_depth_debug_20260527_221951_000510.jpg
85591	g1_hand_arm_project\vision\debug\bottle_depth_debug_20260527_222004_000540.jpg
319373	g1_hand_arm_project\vision\debug\camera_contact_1_5.jpg
2760	g1_hand_arm_project\vision\records\bottle_positions_20260527_231122.csv
3386	g1_hand_arm_project\vision\records\position1_20260527_2313.csv
3428	g1_hand_arm_project\vision\records\position2_20260527_231435.csv
3351	g1_hand_arm_project\vision\records\position3_20260527_231533.csv
3440	g1_hand_arm_project\vision\records\position4_20260527_231757.csv
3397	g1_hand_arm_project\vision\records\random1_20260527_232906.csv
3411	g1_hand_arm_project\vision\records\random2_20260527_233015.csv
3414	g1_hand_arm_project\vision\records\random3_20260527_233145.csv
3422	g1_hand_arm_project\vision\records\target_grasp_20260527_232026.csv
6867	g1_navgrasp\g1act_ws\src\arm\arm.py
12156	g1_navgrasp\g1act_ws\src\arm\armm.py
8221	g1_navgrasp\g1act_ws\src\arm\armtest (copy).py
10298	g1_navgrasp\g1act_ws\src\arm\armtest.py
7376	g1_navgrasp\g1act_ws\src\arm\armtest2.py
7796	g1_navgrasp\g1act_ws\src\arm\armtest3.py
27843	g1_navgrasp\g1act_ws\src\base\g1_description\g1_12dof.urdf
15579	g1_navgrasp\g1act_ws\src\base\g1_description\g1_12dof.xml
27936	g1_navgrasp\g1act_ws\src\base\g1_description\g1_23dof_rev_1_0.urdf
20834	g1_navgrasp\g1act_ws\src\base\g1_description\g1_23dof_rev_1_0.xml
29428	g1_navgrasp\g1act_ws\src\base\g1_description\g1_23dof.urdf
21281	g1_navgrasp\g1act_ws\src\base\g1_description\g1_23dof.xml
35175	g1_navgrasp\g1act_ws\src\base\g1_description\g1_29dof_lock_waist_rev_1_0.urdf
25476	g1_navgrasp\g1act_ws\src\base\g1_description\g1_29dof_lock_waist_rev_1_0.xml
35997	g1_navgrasp\g1act_ws\src\base\g1_description\g1_29dof_lock_waist.urdf
25823	g1_navgrasp\g1act_ws\src\base\g1_description\g1_29dof_lock_waist.xml
35170	g1_navgrasp\g1act_ws\src\base\g1_description\g1_29dof_rev_1_0.urdf
25820	g1_navgrasp\g1act_ws\src\base\g1_description\g1_29dof_rev_1_0.xml
50419	g1_navgrasp\g1act_ws\src\base\g1_description\g1_29dof_with_hand_rev_1_0.urdf
38249	g1_navgrasp\g1act_ws\src\base\g1_description\g1_29dof_with_hand_rev_1_0.xml
51241	g1_navgrasp\g1act_ws\src\base\g1_description\g1_29dof_with_hand.urdf
38596	g1_navgrasp\g1act_ws\src\base\g1_description\g1_29dof_with_hand.xml
35992	g1_navgrasp\g1act_ws\src\base\g1_description\g1_29dof.urdf
26167	g1_navgrasp\g1act_ws\src\base\g1_description\g1_29dof.xml
21925	g1_navgrasp\g1act_ws\src\base\g1_description\g1_dual_arm.urdf
13488	g1_navgrasp\g1act_ws\src\base\g1_description\g1_dual_arm.xml
2034	g1_navgrasp\g1act_ws\src\base\g1_description\README.md
859	g1_navgrasp\g1act_ws\src\base\g1_description\scene.xml
933725	g1_navgrasp\g1act_ws\src\base\g1_description\images\g1_23dof.png
943738	g1_navgrasp\g1act_ws\src\base\g1_description\images\g1_29dof_with_hand.png
942323	g1_navgrasp\g1act_ws\src\base\g1_description\images\g1_29dof.png
847101	g1_navgrasp\g1act_ws\src\base\g1_description\images\g1_dual_arm.png
932784	g1_navgrasp\g1act_ws\src\base\g1_description\meshes\head_link.STL
71184	g1_navgrasp\g1act_ws\src\base\g1_description\meshes\left_ankle_pitch_link.STL
653384	g1_navgrasp\g1act_ws\src\base\g1_description\meshes\left_ankle_roll_link.STL
88784	g1_navgrasp\g1act_ws\src\base\g1_description\meshes\left_elbow_link.STL
475984	g1_navgrasp\g1act_ws\src\base\g1_description\meshes\left_hand_index_0_link.STL
1521784	g1_navgrasp\g1act_ws\src\base\g1_description\meshes\left_hand_index_1_link.STL
475984	g1_navgrasp\g1act_ws\src\base\g1_description\meshes\left_hand_middle_0_link.STL
1521784	g1_navgrasp\g1act_ws\src\base\g1_description\meshes\left_hand_middle_1_link.STL
2140184	g1_navgrasp\g1act_ws\src\base\g1_description\meshes\left_hand_palm_link.STL
8884	g1_navgrasp\g1act_ws\src\base\g1_description\meshes\left_hand_thumb_0_link.STL
475984	g1_navgrasp\g1act_ws\src\base\g1_description\meshes\left_hand_thumb_1_link.STL
1521784	g1_navgrasp\g1act_ws\src\base\g1_description\meshes\left_hand_thumb_2_link.STL
181684	g1_navgrasp\g1act_ws\src\base\g1_description\meshes\left_hip_pitch_link.STL
192184	g1_navgrasp\g1act_ws\src\base\g1_description\meshes\left_hip_roll_link.STL
296284	g1_navgrasp\g1act_ws\src\base\g1_description\meshes\left_hip_yaw_link.STL
854884	g1_navgrasp\g1act_ws\src\base\g1_description\meshes\left_knee_link.STL
2287484	g1_navgrasp\g1act_ws\src\base\g1_description\meshes\left_rubber_hand.STL
176784	g1_navgrasp\g1act_ws\src\base\g1_description\meshes\left_shoulder_pitch_link.STL
400284	g1_navgrasp\g1act_ws\src\base\g1_description\meshes\left_shoulder_roll_link.STL
249184	g1_navgrasp\g1act_ws\src\base\g1_description\meshes\left_shoulder_yaw_link.STL
85984	g1_navgrasp\g1act_ws\src\base\g1_description\meshes\left_wrist_pitch_link.STL
356184	g1_navgrasp\g1act_ws\src\base\g1_description\meshes\left_wrist_roll_link.STL
3484884	g1_navgrasp\g1act_ws\src\base\g1_description\meshes\left_wrist_roll_rubber_hand.STL
318684	g1_navgrasp\g1act_ws\src\base\g1_description\meshes\left_wrist_yaw_link.STL
243384	g1_navgrasp\g1act_ws\src\base\g1_description\meshes\logo_link.STL
1805184	g1_navgrasp\g1act_ws\src\base\g1_description\meshes\pelvis_contour_link.STL
1060884	g1_navgrasp\g1act_ws\src\base\g1_description\meshes\pelvis.STL
71184	g1_navgrasp\g1act_ws\src\base\g1_description\meshes\right_ankle_pitch_link.STL
653784	g1_navgrasp\g1act_ws\src\base\g1_description\meshes\right_ankle_roll_link.STL
88784	g1_navgrasp\g1act_ws\src\base\g1_description\meshes\right_elbow_link.STL
475984	g1_navgrasp\g1act_ws\src\base\g1_description\meshes\right_hand_index_0_link.STL
1521784	g1_navgrasp\g1act_ws\src\base\g1_description\meshes\right_hand_index_1_link.STL
475984	g1_navgrasp\g1act_ws\src\base\g1_description\meshes\right_hand_middle_0_link.STL
1521784	g1_navgrasp\g1act_ws\src\base\g1_description\meshes\right_hand_middle_1_link.STL
2140184	g1_navgrasp\g1act_ws\src\base\g1_description\meshes\right_hand_palm_link.STL
8884	g1_navgrasp\g1act_ws\src\base\g1_description\meshes\right_hand_thumb_0_link.STL
475984	g1_navgrasp\g1act_ws\src\base\g1_description\meshes\right_hand_thumb_1_link.STL
1521784	g1_navgrasp\g1act_ws\src\base\g1_description\meshes\right_hand_thumb_2_link.STL
181284	g1_navgrasp\g1act_ws\src\base\g1_description\meshes\right_hip_pitch_link.STL
192684	g1_navgrasp\g1act_ws\src\base\g1_description\meshes\right_hip_roll_link.STL
296284	g1_navgrasp\g1act_ws\src\base\g1_description\meshes\right_hip_yaw_link.STL
852284	g1_navgrasp\g1act_ws\src\base\g1_description\meshes\right_knee_link.STL
2192684	g1_navgrasp\g1act_ws\src\base\g1_description\meshes\right_rubber_hand.STL
176784	g1_navgrasp\g1act_ws\src\base\g1_description\meshes\right_shoulder_pitch_link.STL
401884	g1_navgrasp\g1act_ws\src\base\g1_description\meshes\right_shoulder_roll_link.STL
249984	g1_navgrasp\g1act_ws\src\base\g1_description\meshes\right_shoulder_yaw_link.STL
79584	g1_navgrasp\g1act_ws\src\base\g1_description\meshes\right_wrist_pitch_link.STL
356084	g1_navgrasp\g1act_ws\src\base\g1_description\meshes\right_wrist_roll_link.STL
3481584	g1_navgrasp\g1act_ws\src\base\g1_description\meshes\right_wrist_roll_rubber_hand.STL
341484	g1_navgrasp\g1act_ws\src\base\g1_description\meshes\right_wrist_yaw_link.STL
203584	g1_navgrasp\g1act_ws\src\base\g1_description\meshes\torso_constraint_L_link.STL
74884	g1_navgrasp\g1act_ws\src\base\g1_description\meshes\torso_constraint_L_rod_link.STL
203584	g1_navgrasp\g1act_ws\src\base\g1_description\meshes\torso_constraint_R_link.STL
74884	g1_navgrasp\g1act_ws\src\base\g1_description\meshes\torso_constraint_R_rod_link.STL
7825434	g1_navgrasp\g1act_ws\src\base\g1_description\meshes\torso_link_23dof_rev_1_0.STL
2570584	g1_navgrasp\g1act_ws\src\base\g1_description\meshes\torso_link_rev_1_0.STL
2232984	g1_navgrasp\g1act_ws\src\base\g1_description\meshes\torso_link.STL
114684	g1_navgrasp\g1act_ws\src\base\g1_description\meshes\waist_constraint_L.STL
114684	g1_navgrasp\g1act_ws\src\base\g1_description\meshes\waist_constraint_R.STL
85884	g1_navgrasp\g1act_ws\src\base\g1_description\meshes\waist_roll_link_rev_1_0.STL
24184	g1_navgrasp\g1act_ws\src\base\g1_description\meshes\waist_roll_link.STL
150484	g1_navgrasp\g1act_ws\src\base\g1_description\meshes\waist_support_link.STL
619984	g1_navgrasp\g1act_ws\src\base\g1_description\meshes\waist_yaw_link_rev_1_0.STL
336284	g1_navgrasp\g1act_ws\src\base\g1_description\meshes\waist_yaw_link.STL
783	g1_navgrasp\g1act_ws\src\base\g1_driver_py\package.xml
93	g1_navgrasp\g1act_ws\src\base\g1_driver_py\setup.cfg
888	g1_navgrasp\g1act_ws\src\base\g1_driver_py\setup.py
0	g1_navgrasp\g1act_ws\src\base\g1_driver_py\g1_driver_py\__init__.py
5483	g1_navgrasp\g1act_ws\src\base\g1_driver_py\g1_driver_py\driver.py
2044	g1_navgrasp\g1act_ws\src\base\g1_driver_py\launch\driver.launch.py
121	g1_navgrasp\g1act_ws\src\base\g1_driver_py\params\driver.yaml
0	g1_navgrasp\g1act_ws\src\base\g1_driver_py\resource\g1_driver_py
3976	g1_navgrasp\g1act_ws\src\base\g1_driver_py\rviz\display.rviz
645	g1_navgrasp\g1act_ws\src\base\g1_teleop_ctrl_keyboard\package.xml
115	g1_navgrasp\g1act_ws\src\base\g1_teleop_ctrl_keyboard\setup.cfg
691	g1_navgrasp\g1act_ws\src\base\g1_teleop_ctrl_keyboard\setup.py
0	g1_navgrasp\g1act_ws\src\base\g1_teleop_ctrl_keyboard\g1_teleop_ctrl_keyboard\__init__.py
5941	g1_navgrasp\g1act_ws\src\base\g1_teleop_ctrl_keyboard\g1_teleop_ctrl_keyboard\g1_teleop_ctrl_keyboard.py
0	g1_navgrasp\g1act_ws\src\base\g1_teleop_ctrl_keyboard\resource\g1_teleop_ctrl_keyboard
716	g1_navgrasp\g1act_ws\src\base\g1_twist_bridge_py\package.xml
105	g1_navgrasp\g1act_ws\src\base\g1_twist_bridge_py\setup.cfg
667	g1_navgrasp\g1act_ws\src\base\g1_twist_bridge_py\setup.py
0	g1_navgrasp\g1act_ws\src\base\g1_twist_bridge_py\g1_twist_bridge_py\__init__.py
1648	g1_navgrasp\g1act_ws\src\base\g1_twist_bridge_py\g1_twist_bridge_py\sport_model.py
1341	g1_navgrasp\g1act_ws\src\base\g1_twist_bridge_py\g1_twist_bridge_py\twist_bridge.py
0	g1_navgrasp\g1act_ws\src\base\g1_twist_bridge_py\resource\g1_twist_bridge_py
1049	g1_navgrasp\g1act_ws\src\g1_yolo_nav_py\package.xml
97	g1_navgrasp\g1act_ws\src\g1_yolo_nav_py\setup.cfg
1048	g1_navgrasp\g1act_ws\src\g1_yolo_nav_py\setup.py
2261	g1_navgrasp\g1act_ws\src\g1_yolo_nav_py\config\yolo_nav.yaml
57	g1_navgrasp\g1act_ws\src\g1_yolo_nav_py\g1_yolo_nav_py\__init__.py
7242	g1_navgrasp\g1act_ws\src\g1_yolo_nav_py\g1_yolo_nav_py\nav_planner.py
11205	g1_navgrasp\g1act_ws\src\g1_yolo_nav_py\g1_yolo_nav_py\spatial_target.py
4862	g1_navgrasp\g1act_ws\src\g1_yolo_nav_py\g1_yolo_nav_py\yolo_detector.py
2975	g1_navgrasp\g1act_ws\src\g1_yolo_nav_py\launch\yolo_nav.launch.py
0	g1_navgrasp\g1act_ws\src\g1_yolo_nav_py\resource\g1_yolo_nav_py
24193	g1_navgrasp\manact_ws\README.en.md
27971	g1_navgrasp\manact_ws\README.md
3344	g1_navgrasp\manact_ws\src\D455.md
11871	g1_navgrasp\manact_ws\src\base\ctrl_keyboard\audio_control_test.py
690	g1_navgrasp\manact_ws\src\base\ctrl_keyboard\package.xml
95	g1_navgrasp\manact_ws\src\base\ctrl_keyboard\setup.cfg
1009	g1_navgrasp\manact_ws\src\base\ctrl_keyboard\setup.py
1112	g1_navgrasp\manact_ws\src\base\ctrl_keyboard\text.txt
3606	g1_navgrasp\manact_ws\src\base\ctrl_keyboard\whole_test.py
0	g1_navgrasp\manact_ws\src\base\ctrl_keyboard\ctrl_keyboard\__init__.py
4335	g1_navgrasp\manact_ws\src\base\ctrl_keyboard\ctrl_keyboard\auto_ctrl.py
2189	g1_navgrasp\manact_ws\src\base\ctrl_keyboard\ctrl_keyboard\ctrl_keyboard.py
1122	g1_navgrasp\manact_ws\src\base\ctrl_keyboard\logs\python_20260403_135648_410.log
1122	g1_navgrasp\manact_ws\src\base\ctrl_keyboard\logs\python_20260403_140048_681.log
1122	g1_navgrasp\manact_ws\src\base\ctrl_keyboard\logs\python_20260403_140500_122.log
0	g1_navgrasp\manact_ws\src\base\ctrl_keyboard\resource\ctrl_keyboard
790	g1_navgrasp\manact_ws\src\base\ctrl_keyboard\test\test_copyright.py
884	g1_navgrasp\manact_ws\src\base\ctrl_keyboard\test\test_flake8.py
803	g1_navgrasp\manact_ws\src\base\ctrl_keyboard\test\test_pep257.py
27843	g1_navgrasp\manact_ws\src\base\g1_description\g1_12dof.urdf
15579	g1_navgrasp\manact_ws\src\base\g1_description\g1_12dof.xml
27936	g1_navgrasp\manact_ws\src\base\g1_description\g1_23dof_rev_1_0.urdf
20834	g1_navgrasp\manact_ws\src\base\g1_description\g1_23dof_rev_1_0.xml
29428	g1_navgrasp\manact_ws\src\base\g1_description\g1_23dof.urdf
21281	g1_navgrasp\manact_ws\src\base\g1_description\g1_23dof.xml
35175	g1_navgrasp\manact_ws\src\base\g1_description\g1_29dof_lock_waist_rev_1_0.urdf
25476	g1_navgrasp\manact_ws\src\base\g1_description\g1_29dof_lock_waist_rev_1_0.xml
35997	g1_navgrasp\manact_ws\src\base\g1_description\g1_29dof_lock_waist.urdf
25823	g1_navgrasp\manact_ws\src\base\g1_description\g1_29dof_lock_waist.xml
35170	g1_navgrasp\manact_ws\src\base\g1_description\g1_29dof_rev_1_0.urdf
25820	g1_navgrasp\manact_ws\src\base\g1_description\g1_29dof_rev_1_0.xml
50419	g1_navgrasp\manact_ws\src\base\g1_description\g1_29dof_with_hand_rev_1_0.urdf
38249	g1_navgrasp\manact_ws\src\base\g1_description\g1_29dof_with_hand_rev_1_0.xml
51241	g1_navgrasp\manact_ws\src\base\g1_description\g1_29dof_with_hand.urdf
38596	g1_navgrasp\manact_ws\src\base\g1_description\g1_29dof_with_hand.xml
35992	g1_navgrasp\manact_ws\src\base\g1_description\g1_29dof.urdf
26167	g1_navgrasp\manact_ws\src\base\g1_description\g1_29dof.xml
21925	g1_navgrasp\manact_ws\src\base\g1_description\g1_dual_arm.urdf
13488	g1_navgrasp\manact_ws\src\base\g1_description\g1_dual_arm.xml
2034	g1_navgrasp\manact_ws\src\base\g1_description\README.md
859	g1_navgrasp\manact_ws\src\base\g1_description\scene.xml
933725	g1_navgrasp\manact_ws\src\base\g1_description\images\g1_23dof.png
943738	g1_navgrasp\manact_ws\src\base\g1_description\images\g1_29dof_with_hand.png
942323	g1_navgrasp\manact_ws\src\base\g1_description\images\g1_29dof.png
847101	g1_navgrasp\manact_ws\src\base\g1_description\images\g1_dual_arm.png
932784	g1_navgrasp\manact_ws\src\base\g1_description\meshes\head_link.STL
71184	g1_navgrasp\manact_ws\src\base\g1_description\meshes\left_ankle_pitch_link.STL
653384	g1_navgrasp\manact_ws\src\base\g1_description\meshes\left_ankle_roll_link.STL
88784	g1_navgrasp\manact_ws\src\base\g1_description\meshes\left_elbow_link.STL
475984	g1_navgrasp\manact_ws\src\base\g1_description\meshes\left_hand_index_0_link.STL
1521784	g1_navgrasp\manact_ws\src\base\g1_description\meshes\left_hand_index_1_link.STL
475984	g1_navgrasp\manact_ws\src\base\g1_description\meshes\left_hand_middle_0_link.STL
1521784	g1_navgrasp\manact_ws\src\base\g1_description\meshes\left_hand_middle_1_link.STL
2140184	g1_navgrasp\manact_ws\src\base\g1_description\meshes\left_hand_palm_link.STL
8884	g1_navgrasp\manact_ws\src\base\g1_description\meshes\left_hand_thumb_0_link.STL
475984	g1_navgrasp\manact_ws\src\base\g1_description\meshes\left_hand_thumb_1_link.STL
1521784	g1_navgrasp\manact_ws\src\base\g1_description\meshes\left_hand_thumb_2_link.STL
181684	g1_navgrasp\manact_ws\src\base\g1_description\meshes\left_hip_pitch_link.STL
192184	g1_navgrasp\manact_ws\src\base\g1_description\meshes\left_hip_roll_link.STL
296284	g1_navgrasp\manact_ws\src\base\g1_description\meshes\left_hip_yaw_link.STL
854884	g1_navgrasp\manact_ws\src\base\g1_description\meshes\left_knee_link.STL
2287484	g1_navgrasp\manact_ws\src\base\g1_description\meshes\left_rubber_hand.STL
176784	g1_navgrasp\manact_ws\src\base\g1_description\meshes\left_shoulder_pitch_link.STL
400284	g1_navgrasp\manact_ws\src\base\g1_description\meshes\left_shoulder_roll_link.STL
249184	g1_navgrasp\manact_ws\src\base\g1_description\meshes\left_shoulder_yaw_link.STL
85984	g1_navgrasp\manact_ws\src\base\g1_description\meshes\left_wrist_pitch_link.STL
356184	g1_navgrasp\manact_ws\src\base\g1_description\meshes\left_wrist_roll_link.STL
3484884	g1_navgrasp\manact_ws\src\base\g1_description\meshes\left_wrist_roll_rubber_hand.STL
318684	g1_navgrasp\manact_ws\src\base\g1_description\meshes\left_wrist_yaw_link.STL
243384	g1_navgrasp\manact_ws\src\base\g1_description\meshes\logo_link.STL
1805184	g1_navgrasp\manact_ws\src\base\g1_description\meshes\pelvis_contour_link.STL
1060884	g1_navgrasp\manact_ws\src\base\g1_description\meshes\pelvis.STL
71184	g1_navgrasp\manact_ws\src\base\g1_description\meshes\right_ankle_pitch_link.STL
653784	g1_navgrasp\manact_ws\src\base\g1_description\meshes\right_ankle_roll_link.STL
88784	g1_navgrasp\manact_ws\src\base\g1_description\meshes\right_elbow_link.STL
475984	g1_navgrasp\manact_ws\src\base\g1_description\meshes\right_hand_index_0_link.STL
1521784	g1_navgrasp\manact_ws\src\base\g1_description\meshes\right_hand_index_1_link.STL
475984	g1_navgrasp\manact_ws\src\base\g1_description\meshes\right_hand_middle_0_link.STL
1521784	g1_navgrasp\manact_ws\src\base\g1_description\meshes\right_hand_middle_1_link.STL
2140184	g1_navgrasp\manact_ws\src\base\g1_description\meshes\right_hand_palm_link.STL
8884	g1_navgrasp\manact_ws\src\base\g1_description\meshes\right_hand_thumb_0_link.STL
475984	g1_navgrasp\manact_ws\src\base\g1_description\meshes\right_hand_thumb_1_link.STL
1521784	g1_navgrasp\manact_ws\src\base\g1_description\meshes\right_hand_thumb_2_link.STL
181284	g1_navgrasp\manact_ws\src\base\g1_description\meshes\right_hip_pitch_link.STL
192684	g1_navgrasp\manact_ws\src\base\g1_description\meshes\right_hip_roll_link.STL
296284	g1_navgrasp\manact_ws\src\base\g1_description\meshes\right_hip_yaw_link.STL
852284	g1_navgrasp\manact_ws\src\base\g1_description\meshes\right_knee_link.STL
2192684	g1_navgrasp\manact_ws\src\base\g1_description\meshes\right_rubber_hand.STL
176784	g1_navgrasp\manact_ws\src\base\g1_description\meshes\right_shoulder_pitch_link.STL
401884	g1_navgrasp\manact_ws\src\base\g1_description\meshes\right_shoulder_roll_link.STL
249984	g1_navgrasp\manact_ws\src\base\g1_description\meshes\right_shoulder_yaw_link.STL
79584	g1_navgrasp\manact_ws\src\base\g1_description\meshes\right_wrist_pitch_link.STL
356084	g1_navgrasp\manact_ws\src\base\g1_description\meshes\right_wrist_roll_link.STL
3481584	g1_navgrasp\manact_ws\src\base\g1_description\meshes\right_wrist_roll_rubber_hand.STL
341484	g1_navgrasp\manact_ws\src\base\g1_description\meshes\right_wrist_yaw_link.STL
203584	g1_navgrasp\manact_ws\src\base\g1_description\meshes\torso_constraint_L_link.STL
74884	g1_navgrasp\manact_ws\src\base\g1_description\meshes\torso_constraint_L_rod_link.STL
203584	g1_navgrasp\manact_ws\src\base\g1_description\meshes\torso_constraint_R_link.STL
74884	g1_navgrasp\manact_ws\src\base\g1_description\meshes\torso_constraint_R_rod_link.STL
7825434	g1_navgrasp\manact_ws\src\base\g1_description\meshes\torso_link_23dof_rev_1_0.STL
2570584	g1_navgrasp\manact_ws\src\base\g1_description\meshes\torso_link_rev_1_0.STL
2232984	g1_navgrasp\manact_ws\src\base\g1_description\meshes\torso_link.STL
114684	g1_navgrasp\manact_ws\src\base\g1_description\meshes\waist_constraint_L.STL
114684	g1_navgrasp\manact_ws\src\base\g1_description\meshes\waist_constraint_R.STL
85884	g1_navgrasp\manact_ws\src\base\g1_description\meshes\waist_roll_link_rev_1_0.STL
24184	g1_navgrasp\manact_ws\src\base\g1_description\meshes\waist_roll_link.STL
150484	g1_navgrasp\manact_ws\src\base\g1_description\meshes\waist_support_link.STL
619984	g1_navgrasp\manact_ws\src\base\g1_description\meshes\waist_yaw_link_rev_1_0.STL
336284	g1_navgrasp\manact_ws\src\base\g1_description\meshes\waist_yaw_link.STL
992	g1_navgrasp\manact_ws\src\g1_yolo_nav_py\package.xml
97	g1_navgrasp\manact_ws\src\g1_yolo_nav_py\setup.cfg
3836	g1_navgrasp\manact_ws\src\g1_yolo_nav_py\setup.py
19223889	g1_navgrasp\manact_ws\src\g1_yolo_nav_py\yolo_v11s_best.pt
9695	g1_navgrasp\manact_ws\src\g1_yolo_nav_py\arm\arm_common.py
8047	g1_navgrasp\manact_ws\src\g1_yolo_nav_py\arm\arm_debug.py
2986	g1_navgrasp\manact_ws\src\g1_yolo_nav_py\arm\arm_multi_pose_demo.py
5796	g1_navgrasp\manact_ws\src\g1_yolo_nav_py\arm\arm.py
2477	g1_navgrasp\manact_ws\src\g1_yolo_nav_py\arm\armdown.py
2949	g1_navgrasp\manact_ws\src\g1_yolo_nav_py\arm\armup.py
5331	g1_navgrasp\manact_ws\src\g1_yolo_nav_py\config\yolo_nav.yaml
57	g1_navgrasp\manact_ws\src\g1_yolo_nav_py\g1_yolo_nav_py\__init__.py
8397	g1_navgrasp\manact_ws\src\g1_yolo_nav_py\g1_yolo_nav_py\_dds_compat.py
2256	g1_navgrasp\manact_ws\src\g1_yolo_nav_py\g1_yolo_nav_py\_detection_utils.py
4383	g1_navgrasp\manact_ws\src\g1_yolo_nav_py\g1_yolo_nav_py\_forward_approach.py
25094	g1_navgrasp\manact_ws\src\g1_yolo_nav_py\g1_yolo_nav_py\_grasp_state.py
4889	g1_navgrasp\manact_ws\src\g1_yolo_nav_py\g1_yolo_nav_py\_step_aligner.py
2775	g1_navgrasp\manact_ws\src\g1_yolo_nav_py\g1_yolo_nav_py\_vis_utils.py
31976	g1_navgrasp\manact_ws\src\g1_yolo_nav_py\g1_yolo_nav_py\control_panel.py
11657	g1_navgrasp\manact_ws\src\g1_yolo_nav_py\g1_yolo_nav_py\detection_visualizer.py
2284	g1_navgrasp\manact_ws\src\g1_yolo_nav_py\g1_yolo_nav_py\grasp_task.py
8089	g1_navgrasp\manact_ws\src\g1_yolo_nav_py\g1_yolo_nav_py\loco_forward.py
7447	g1_navgrasp\manact_ws\src\g1_yolo_nav_py\g1_yolo_nav_py\rgbd_capture.py
10706	g1_navgrasp\manact_ws\src\g1_yolo_nav_py\g1_yolo_nav_py\spatial_target.py
14831	g1_navgrasp\manact_ws\src\g1_yolo_nav_py\g1_yolo_nav_py\sport_client.py
45663	g1_navgrasp\manact_ws\src\g1_yolo_nav_py\g1_yolo_nav_py\web_panel.py
6213	g1_navgrasp\manact_ws\src\g1_yolo_nav_py\g1_yolo_nav_py\yaw_align.py
9557	g1_navgrasp\manact_ws\src\g1_yolo_nav_py\g1_yolo_nav_py\yolo_detector.py
5991	g1_navgrasp\manact_ws\src\g1_yolo_nav_py\launch\grasp_task.launch.py
4705	g1_navgrasp\manact_ws\src\g1_yolo_nav_py\launch\yolo_nav.launch.py
0	g1_navgrasp\manact_ws\src\g1_yolo_nav_py\resource\g1_yolo_nav_py
25763	g1_navgrasp\manact_ws\src\web_frontend\dev_server.py
55377	g1_navgrasp\manact_ws\src\web_frontend\index.html
1616	g1_navgrasp\manact_ws\src\web_frontend\css\lggc.css
69339	g1_navgrasp\manact_ws\src\web_frontend\css\style.css
52688	g1_navgrasp\manact_ws\src\web_frontend\js\app.js
1652	hand_control\revo2\left_hand_safe_once.py
4249	hybrid_control_terminal\python_gui\config.py
8480	hybrid_control_terminal\python_gui\launcher.py
3488	hybrid_control_terminal\python_gui\main.py
8931	hybrid_control_terminal\python_gui\README.md
791	hybrid_control_terminal\python_gui\setting.json
818	hybrid_control_terminal\python_gui\settings.json
132	hybrid_control_terminal\python_gui\user_config.json
2171	hybrid_control_terminal\python_gui\utils.py
0	hybrid_control_terminal\python_gui\core\__init__.py
2675	hybrid_control_terminal\python_gui\core\boot.py
7333	hybrid_control_terminal\python_gui\core\bridge.py
1784	hybrid_control_terminal\python_gui\core\coordinates.py
2632	hybrid_control_terminal\python_gui\core\deepseek_brain.py
8502	hybrid_control_terminal\python_gui\core\ik_solver.py
2548	hybrid_control_terminal\python_gui\core\input_mapper.py
3040	hybrid_control_terminal\python_gui\core\l10_client.py
4397	hybrid_control_terminal\python_gui\core\recorder.py
75377	hybrid_control_terminal\python_gui\core\robot_process.py
9885	hybrid_control_terminal\python_gui\core\ros_bridge.py
7342	hybrid_control_terminal\python_gui\core\ros_manager.py
1477	hybrid_control_terminal\python_gui\core\safety_layer.py
8294	hybrid_control_terminal\python_gui\core\sequencer.py
3106	hybrid_control_terminal\python_gui\core\settings_manager.py
3880	hybrid_control_terminal\python_gui\core\signal_server.py
7048	hybrid_control_terminal\python_gui\core\sim_engine.py
2393	hybrid_control_terminal\python_gui\core\task_manager.py
1773	hybrid_control_terminal\python_gui\core\trajectory.py
3112	hybrid_control_terminal\python_gui\core\vision_detector.py
8051	hybrid_control_terminal\python_gui\core\worker.py
413277	hybrid_control_terminal\python_gui\data_logger\lb.json
222751	hybrid_control_terminal\python_gui\data_logger\motion_01.json
233913	hybrid_control_terminal\python_gui\data_logger\motion_011.json
197468	hybrid_control_terminal\python_gui\data_logger\motion_new.json
198907	hybrid_control_terminal\python_gui\data_logger\motion_new1.json
194542	hybrid_control_terminal\python_gui\data_logger\motion_new11.json
1172486	hybrid_control_terminal\python_gui\data_logger\replica_left.json
986770	hybrid_control_terminal\python_gui\data_logger\replica_low_speed.json
1161839	hybrid_control_terminal\python_gui\data_logger\replica_pull_over.json
1188754	hybrid_control_terminal\python_gui\data_logger\replica_right.json
1252613	hybrid_control_terminal\python_gui\data_logger\replica_stop.json
1132312	hybrid_control_terminal\python_gui\data_logger\replica_straight.json
1051405	hybrid_control_terminal\python_gui\data_logger\replica_turn.json
1017851	hybrid_control_terminal\python_gui\data_logger\replica_wait_left.json
214225	hybrid_control_terminal\python_gui\data_logger\swing_r_hand.json
781	hybrid_control_terminal\python_gui\data_logger\tasks.json
657897	hybrid_control_terminal\python_gui\data_logger\welcome left 0122.json
657897	hybrid_control_terminal\python_gui\data_logger\welcome.json
7014	hybrid_control_terminal\python_gui\tools\check_workspace.py
4581	hybrid_control_terminal\python_gui\tools\hand_server.py
728	hybrid_control_terminal\python_gui\tools\sender.py
0	hybrid_control_terminal\python_gui\ui\__init__.py
31131	hybrid_control_terminal\python_gui\ui\main_window.py
19974	hybrid_control_terminal\python_gui\ui\nav_widget.py
14156	hybrid_control_terminal\python_gui\ui\styles.py
9173	hybrid_control_terminal\python_gui\ui\widgets_task.py
20098	hybrid_control_terminal\python_gui\ui\widgets.py
5665	hybrid_control_terminal\python_gui\ui\tabs\hand_tab.py
4900	hybrid_control_terminal\python_gui\ui\tabs\joints_tab.py
11592	hybrid_control_terminal\python_gui\ui\tabs\monitor_tab.py
30805	hybrid_control_terminal\python_gui\ui\tabs\nav_tab.py
24674	hybrid_control_terminal\python_gui\ui\tabs\precision_tab.py
15484	hybrid_control_terminal\python_gui\ui\tabs\teach_tab.py
4908	hybrid_control_terminal\python_gui\ui\tabs\voice_tab.py
7154	legacy\hand_eye_control\arm7_control.py
6231850	models\bottle_v12_best.pt
6231850	models\bottle_v12_last.pt
6288217	models\detect_best.pt
36628966	models\detect1_best.pt
6301924	models\hybrid_gui_train_best.pt
6301924	models\hybrid_gui_train_last.pt
1365	models\MODEL_MANIFEST.md
6218723	models\train4_best.pt
6218723	models\train4_last.pt
6288217	models\xinghg_best.pt
19223889	models\yolo_v11s_best.pt
6549796	models\yolov8n.pt
4004	ros2_arm_action\g1_arm_action_ros2\CMakeLists.txt
941	ros2_arm_action\g1_arm_action_ros2\package.xml
5069	ros2_arm_action\g1_arm_action_ros2\README.md
611	ros2_arm_action\g1_arm_action_ros2\config\arm_action_params.yaml
1265	ros2_arm_action\g1_arm_action_ros2\launch\g1_arm_action_config.launch.py
1592	ros2_arm_action\g1_arm_action_ros2\launch\g1_arm_action.launch.py
8040	ros2_arm_action\g1_arm_action_ros2\src\g1_arm_action_node.cpp
1196	ros2_arm_action\g1_arm_action_ros2\srv\ExecuteArmAction.srv
299	ros2_arm_action\g1_arm_action_ros2\srv\GetArmActionList.srv
2592	ros2_vision_workspaces\detect\config\a4_5tags.json
414	ros2_vision_workspaces\detect\config\robot_center_to_camera.json
732	ros2_vision_workspaces\detect\src\apriltag_static_calib\package.xml
111	ros2_vision_workspaces\detect\src\apriltag_static_calib\setup.cfg
1508	ros2_vision_workspaces\detect\src\apriltag_static_calib\setup.py
0	ros2_vision_workspaces\detect\src\apriltag_static_calib\apriltag_static_calib\__init__.py
14368	ros2_vision_workspaces\detect\src\apriltag_static_calib\apriltag_static_calib\apriltag_static_calib_node.py
3734	ros2_vision_workspaces\detect\src\apriltag_static_calib\launch\apriltag_static_calib.launch.py
0	ros2_vision_workspaces\detect\src\apriltag_static_calib\resource\apriltag_static_calib
780	ros2_vision_workspaces\detect\src\realtime_yolo_pcd_tf\package.xml
109	ros2_vision_workspaces\detect\src\realtime_yolo_pcd_tf\setup.cfg
840	ros2_vision_workspaces\detect\src\realtime_yolo_pcd_tf\setup.py
3326	ros2_vision_workspaces\detect\src\realtime_yolo_pcd_tf\launch\realtime_yolo_pcd_tf.launch.py
2	ros2_vision_workspaces\detect\src\realtime_yolo_pcd_tf\realtime_yolo_pcd_tf\__init__.py
22988	ros2_vision_workspaces\detect\src\realtime_yolo_pcd_tf\realtime_yolo_pcd_tf\realtime_node.py
21	ros2_vision_workspaces\detect\src\realtime_yolo_pcd_tf\resource\realtime_yolo_pcd_tf
886	ros2_vision_workspaces\detect\src\yolo_depth_pcd\package.xml
90	ros2_vision_workspaces\detect\src\yolo_depth_pcd\pyproject.toml
97	ros2_vision_workspaces\detect\src\yolo_depth_pcd\setup.cfg
1758	ros2_vision_workspaces\detect\src\yolo_depth_pcd\setup.py
2091	ros2_vision_workspaces\detect\src\yolo_depth_pcd\launch\continuous_demo.launch.py
1857	ros2_vision_workspaces\detect\src\yolo_depth_pcd\launch\process_frame_server.launch.py
3022	ros2_vision_workspaces\detect\src\yolo_depth_pcd\launch\realsense_live.launch.py
1	ros2_vision_workspaces\detect\src\yolo_depth_pcd\resource\yolo_depth_pcd
1	ros2_vision_workspaces\detect\src\yolo_depth_pcd\yolo_depth_pcd\__init__.py
19128	ros2_vision_workspaces\detect\src\yolo_depth_pcd\yolo_depth_pcd\live_pipeline_node.py
2410	ros2_vision_workspaces\detect\src\yolo_depth_pcd\yolo_depth_pcd\process_frame_client.py
22374	ros2_vision_workspaces\detect\src\yolo_depth_pcd\yolo_depth_pcd\process_frame_server.py
487	ros2_vision_workspaces\detect\src\yolo_depth_pcd_interfaces\CMakeLists.txt
549	ros2_vision_workspaces\detect\src\yolo_depth_pcd_interfaces\package.xml
279	ros2_vision_workspaces\detect\src\yolo_depth_pcd_interfaces\srv\ProcessFrame.srv
732	ros2_vision_workspaces\detect1\src\apriltag_static_calib\package.xml
111	ros2_vision_workspaces\detect1\src\apriltag_static_calib\setup.cfg
1508	ros2_vision_workspaces\detect1\src\apriltag_static_calib\setup.py
0	ros2_vision_workspaces\detect1\src\apriltag_static_calib\apriltag_static_calib\__init__.py
14368	ros2_vision_workspaces\detect1\src\apriltag_static_calib\apriltag_static_calib\apriltag_static_calib_node.py
3734	ros2_vision_workspaces\detect1\src\apriltag_static_calib\launch\apriltag_static_calib.launch.py
0	ros2_vision_workspaces\detect1\src\apriltag_static_calib\resource\apriltag_static_calib
886	ros2_vision_workspaces\detect1\src\yolo_depth_pcd\package.xml
90	ros2_vision_workspaces\detect1\src\yolo_depth_pcd\pyproject.toml
97	ros2_vision_workspaces\detect1\src\yolo_depth_pcd\setup.cfg
1758	ros2_vision_workspaces\detect1\src\yolo_depth_pcd\setup.py
2091	ros2_vision_workspaces\detect1\src\yolo_depth_pcd\launch\continuous_demo.launch.py
1857	ros2_vision_workspaces\detect1\src\yolo_depth_pcd\launch\process_frame_server.launch.py
3002	ros2_vision_workspaces\detect1\src\yolo_depth_pcd\launch\realsense_live.launch.py
1	ros2_vision_workspaces\detect1\src\yolo_depth_pcd\resource\yolo_depth_pcd
1	ros2_vision_workspaces\detect1\src\yolo_depth_pcd\yolo_depth_pcd\__init__.py
19128	ros2_vision_workspaces\detect1\src\yolo_depth_pcd\yolo_depth_pcd\live_pipeline_node.py
2410	ros2_vision_workspaces\detect1\src\yolo_depth_pcd\yolo_depth_pcd\process_frame_client.py
22374	ros2_vision_workspaces\detect1\src\yolo_depth_pcd\yolo_depth_pcd\process_frame_server.py
487	ros2_vision_workspaces\detect1\src\yolo_depth_pcd_interfaces\CMakeLists.txt
549	ros2_vision_workspaces\detect1\src\yolo_depth_pcd_interfaces\package.xml
279	ros2_vision_workspaces\detect1\src\yolo_depth_pcd_interfaces\srv\ProcessFrame.srv
732	ros2_vision_workspaces\detect2\src\apriltag_static_calib\package.xml
111	ros2_vision_workspaces\detect2\src\apriltag_static_calib\setup.cfg
1508	ros2_vision_workspaces\detect2\src\apriltag_static_calib\setup.py
0	ros2_vision_workspaces\detect2\src\apriltag_static_calib\apriltag_static_calib\__init__.py
15110	ros2_vision_workspaces\detect2\src\apriltag_static_calib\apriltag_static_calib\apriltag_static_calib_node.py
4113	ros2_vision_workspaces\detect2\src\apriltag_static_calib\launch\apriltag_static_calib.launch.py
0	ros2_vision_workspaces\detect2\src\apriltag_static_calib\resource\apriltag_static_calib
780	ros2_vision_workspaces\detect2\src\realtime_yolo_pcd_tf\package.xml
109	ros2_vision_workspaces\detect2\src\realtime_yolo_pcd_tf\setup.cfg
840	ros2_vision_workspaces\detect2\src\realtime_yolo_pcd_tf\setup.py
3325	ros2_vision_workspaces\detect2\src\realtime_yolo_pcd_tf\launch\realtime_yolo_pcd_tf.launch.py
2	ros2_vision_workspaces\detect2\src\realtime_yolo_pcd_tf\realtime_yolo_pcd_tf\__init__.py
25303	ros2_vision_workspaces\detect2\src\realtime_yolo_pcd_tf\realtime_yolo_pcd_tf\realtime_node.py
21	ros2_vision_workspaces\detect2\src\realtime_yolo_pcd_tf\resource\realtime_yolo_pcd_tf
886	ros2_vision_workspaces\detect2\src\yolo_depth_pcd\package.xml
90	ros2_vision_workspaces\detect2\src\yolo_depth_pcd\pyproject.toml
97	ros2_vision_workspaces\detect2\src\yolo_depth_pcd\setup.cfg
1758	ros2_vision_workspaces\detect2\src\yolo_depth_pcd\setup.py
2091	ros2_vision_workspaces\detect2\src\yolo_depth_pcd\launch\continuous_demo.launch.py
1857	ros2_vision_workspaces\detect2\src\yolo_depth_pcd\launch\process_frame_server.launch.py
3022	ros2_vision_workspaces\detect2\src\yolo_depth_pcd\launch\realsense_live.launch.py
1	ros2_vision_workspaces\detect2\src\yolo_depth_pcd\resource\yolo_depth_pcd
1	ros2_vision_workspaces\detect2\src\yolo_depth_pcd\yolo_depth_pcd\__init__.py
19128	ros2_vision_workspaces\detect2\src\yolo_depth_pcd\yolo_depth_pcd\live_pipeline_node.py
2410	ros2_vision_workspaces\detect2\src\yolo_depth_pcd\yolo_depth_pcd\process_frame_client.py
22374	ros2_vision_workspaces\detect2\src\yolo_depth_pcd\yolo_depth_pcd\process_frame_server.py
487	ros2_vision_workspaces\detect2\src\yolo_depth_pcd_interfaces\CMakeLists.txt
549	ros2_vision_workspaces\detect2\src\yolo_depth_pcd_interfaces\package.xml
279	ros2_vision_workspaces\detect2\src\yolo_depth_pcd_interfaces\srv\ProcessFrame.srv
732	ros2_vision_workspaces\detect3\src\apriltag_static_calib\package.xml
111	ros2_vision_workspaces\detect3\src\apriltag_static_calib\setup.cfg
1508	ros2_vision_workspaces\detect3\src\apriltag_static_calib\setup.py
0	ros2_vision_workspaces\detect3\src\apriltag_static_calib\apriltag_static_calib\__init__.py
15110	ros2_vision_workspaces\detect3\src\apriltag_static_calib\apriltag_static_calib\apriltag_static_calib_node.py
4113	ros2_vision_workspaces\detect3\src\apriltag_static_calib\launch\apriltag_static_calib.launch.py
0	ros2_vision_workspaces\detect3\src\apriltag_static_calib\resource\apriltag_static_calib
903	ros2_vision_workspaces\detect3\src\interactive_tf_calib\package.xml
109	ros2_vision_workspaces\detect3\src\interactive_tf_calib\setup.cfg
988	ros2_vision_workspaces\detect3\src\interactive_tf_calib\setup.py
2	ros2_vision_workspaces\detect3\src\interactive_tf_calib\interactive_tf_calib\__init__.py
7201	ros2_vision_workspaces\detect3\src\interactive_tf_calib\interactive_tf_calib\interactive_tf_calib_node.py
9190	ros2_vision_workspaces\detect3\src\interactive_tf_calib\interactive_tf_calib\lidar_overlay_node.py
3761	ros2_vision_workspaces\detect3\src\interactive_tf_calib\launch\interactive_tf_calib.launch.py
21	ros2_vision_workspaces\detect3\src\interactive_tf_calib\resource\interactive_tf_calib
780	ros2_vision_workspaces\detect3\src\realtime_yolo_pcd_tf\package.xml
109	ros2_vision_workspaces\detect3\src\realtime_yolo_pcd_tf\setup.cfg
840	ros2_vision_workspaces\detect3\src\realtime_yolo_pcd_tf\setup.py
3325	ros2_vision_workspaces\detect3\src\realtime_yolo_pcd_tf\launch\realtime_yolo_pcd_tf.launch.py
2	ros2_vision_workspaces\detect3\src\realtime_yolo_pcd_tf\realtime_yolo_pcd_tf\__init__.py
25303	ros2_vision_workspaces\detect3\src\realtime_yolo_pcd_tf\realtime_yolo_pcd_tf\realtime_node.py
21	ros2_vision_workspaces\detect3\src\realtime_yolo_pcd_tf\resource\realtime_yolo_pcd_tf
886	ros2_vision_workspaces\detect3\src\yolo_depth_pcd\package.xml
90	ros2_vision_workspaces\detect3\src\yolo_depth_pcd\pyproject.toml
97	ros2_vision_workspaces\detect3\src\yolo_depth_pcd\setup.cfg
1758	ros2_vision_workspaces\detect3\src\yolo_depth_pcd\setup.py
2091	ros2_vision_workspaces\detect3\src\yolo_depth_pcd\launch\continuous_demo.launch.py
1857	ros2_vision_workspaces\detect3\src\yolo_depth_pcd\launch\process_frame_server.launch.py
3022	ros2_vision_workspaces\detect3\src\yolo_depth_pcd\launch\realsense_live.launch.py
1	ros2_vision_workspaces\detect3\src\yolo_depth_pcd\resource\yolo_depth_pcd
1	ros2_vision_workspaces\detect3\src\yolo_depth_pcd\yolo_depth_pcd\__init__.py
19128	ros2_vision_workspaces\detect3\src\yolo_depth_pcd\yolo_depth_pcd\live_pipeline_node.py
2410	ros2_vision_workspaces\detect3\src\yolo_depth_pcd\yolo_depth_pcd\process_frame_client.py
22374	ros2_vision_workspaces\detect3\src\yolo_depth_pcd\yolo_depth_pcd\process_frame_server.py
487	ros2_vision_workspaces\detect3\src\yolo_depth_pcd_interfaces\CMakeLists.txt
549	ros2_vision_workspaces\detect3\src\yolo_depth_pcd_interfaces\package.xml
279	ros2_vision_workspaces\detect3\src\yolo_depth_pcd_interfaces\srv\ProcessFrame.srv
